Organism / Model,Magnetic Condition,Biological Effect,Mechanism,Key Reference
Arabidopsis thaliana,Near-null (<1 µT),Delayed flowering time,Cryptochrome & phytochrome signaling disruption,Agliassa et al. (2018)
Arabidopsis thaliana,Near-null (<1 µT),Disrupted root growth & auxin transport,PIN2 polar auxin transport redistribution,Narayana et al. (2018)
Arabidopsis thaliana,Hypomagnetic (<5 µT),Impaired iron uptake & homeostasis,Downregulation of FIT and IRT1 transcription,Narayana et al. (2021)
Arabidopsis thaliana,Near-null (<1 µT),Reactive oxygen species (ROS) imbalance,Redox signaling & antioxidant enzyme shift,Maffei (2014)
Higher Plants (General),Hypomagnetic (<5 µT),Reduced photosynthesis & chloroplast alterations,Thylakoid ultrastructure & ETC disruption,Belyavskaya (2004)
Microorganisms (Bacteria),Hypomagnetic (<5 µT),Altered cell division & growth kinetics,Membrane potential & ion channel modulation,Creanga et al. (2009)
Magnetotactic Bacteria,Near-null (<1 µT),Loss of geomagnetic orientation,Magnetosome chain dipolar alignment loss,Frankel et al. (1981)
Gut Microbiome (Murine),Hypomagnetic (<5 µT),Altered bacterial community structure,Phylum-level taxonomic ratio shifts (Bacteroidetes/Firmicutes),Zhang et al. (2017)
Drosophila melanogaster,Hypomagnetic (<5 µT),Circadian rhythm period lengthening,Cryptochrome-dependent radical pair modulation,Yoshii et al. (2009)
Drosophila melanogaster,Near-null (<1 µT),Embryonic developmental delays,Mitochondrial metabolic pathway alterations,Vitas et al. (2015)
Caenorhabditis elegans,Hypomagnetic (<5 µT),Altered burrowing & magnetosensation,AFD sensory neuron & DAF-16 pathway changes,Vidal-Gadea et al. (2015)
Human Neuroblastoma Cells,Hypomagnetic (<1 µT),Altered gene expression & proliferation,Transcriptomic rewiring of cell cycle genes,Mo et al. (2012)
Mammalian Model (Rat),Hypomagnetic (<1 µT),Exacerbated musculoskeletal bone loss,Osteoblast suppression & osteoclast activation,Xu et al. (2012)
Mammalian Model (Rat),Near-null (<1 µT),Accelerated trabecular bone demineralization,Hindlimb unloading synergy with HMF,Mo et al. (2014)
Human Cardiovascular,Near-null (<1 µT),Altered microcirculatory capillary flow,Endothelial and autonomic tone modulation,Gurfinkel et al. (2014)
Mammalian Cells (General),Hypomagnetic (<1 µT),Altered DNA damage response & repair,Radical pair spin state recombination kinetics,Binhi & Prato (2017)
